id,name,model_id:id,group_id:id,perm_read,perm_write,perm_create,perm_unlink
access_stock_transfer_user,stock.transfer user,model_stock_transfer,stock.group_stock_user,1,1,1,0
access_stock_transfer_manager,stock.transfer manager,model_stock_transfer,stock.group_stock_manager,1,1,1,1
access_stock_transfer_line_user,stock.transfer.line user,model_stock_transfer_line,stock.group_stock_user,1,1,1,0
access_stock_transfer_line_manager,stock.transfer.line manager,model_stock_transfer_line,stock.group_stock_manager,1,1,1,1
