<?xml version="1.0" encoding="utf-8"?>
<odoo noupdate="1">

    <!-- Multi - Branch Rules -->
    <record model="ir.rule" id="stock_inter_transfer_branch_rule_user">
        <field name="name">Stock Inter Transfer Branch</field>
        <field name="model_id" ref="model_stock_transfer"/>
        <field name="global" eval="True"/>
        <field name="domain_force">['|', ('branch_id', '=', False), ('branch_id', 'in', user.branch_ids.ids)]</field>
    </record>

    <!-- <record model="ir.rule" id="stock_inter_transfer_stock_rule_user">
        <field name="name">Stock Inter Transfer User</field>
        <field name="model_id" ref="model_stock_transfer"/>
        <field name="domain_force">['|', ('user_id', '=', False), ('user_id', '=', user.id)]</field>
        <field name="groups" eval="[(4, ref('stock.group_stock_user'))]"/>
    </record>

    <record model="ir.rule" id="stock_inter_transfer_stock_rule_manager">
        <field name="name">Stock Inter Transfer Manager</field>
        <field name="model_id" ref="model_stock_transfer"/>
        <field name="domain_force">['|', ('company_id', '=', False), ('company_id', 'in', company_ids)]</field>
        <field name="groups" eval="[(4, ref('stock.group_stock_manager'))]"/>
    </record> -->

</odoo>
