<?xml version="1.0" encoding="utf-8"?>
<odoo>
    <data noupdate="0">

          <record id="mail_template_renew_contract_employee" model="mail.template">
            <field name="name">Hr Renew Contract: Notify Employee</field>
            <field name="model_id" ref="bunyan_renew_contract.model_contract_renew"/>
            <field name="subject">Employee: New Contract Created</field>
            <field name="body_html" type="html">
                <div style="margin: 0px; padding: 0px;">
                    <p style="margin: 0px; padding: 0px; font-size: 13px;">
                        Dear ${ctx['partner_to_name']},
                        <br /><br />
                        A new Contract has been created: ${(object.new_contract_id.name or '')} <br />
                        <br /><br />
                    </p>
                </div>
            </field>
            <field name="lang">${object.lang}</field>
        </record>

        <record id="mail_template_renew_contract_hr_manager" model="mail.template">
            <field name="name">Hr Renew Contract: Notify HR Manager</field>
            <field name="model_id" ref="bunyan_renew_contract.model_contract_renew"/>
            <field name="subject">HR Manager: New Contract Created</field>
            <field name="body_html" type="html">
                <div style="margin: 0px; padding: 0px;">
                    <p style="margin: 0px; padding: 0px; font-size: 13px;">
                        Dear ${ctx['partner_to_name']},
                        <br /><br />
                        A new Contract has been accepted by employee: ${(object.new_contract_id.name or '')} <br />
                        <br /><br />
                    </p>
                </div>
            </field>
            <field name="lang">${object.lang}</field>
        </record>

          <record id="mail_template_new_contract_ceo" model="mail.template">
            <field name="name">New Contract: Notify CEO</field>
            <field name="model_id" ref="hr_contract.model_hr_contract"/>
            <field name="subject">CEO: New Contract Created</field>
            <field name="body_html" type="html">
                <div style="margin: 0px; padding: 0px;">
                    <p style="margin: 0px; padding: 0px; font-size: 13px;">
                        Dear ${ctx['partner_to_name']},
                        <br /><br />
                        A new Contract has been Created: ${(object.name or '')} <br />
                        <br /><br />
                    </p>
                </div>
            </field>
            <field name="lang">${object.lang}</field>
        </record>

        <record id="mail_template_new_contract_hr_manager" model="mail.template">
            <field name="name">New Contract: Notify HR Manager</field>
            <field name="model_id" ref="hr_contract.model_hr_contract"/>
            <field name="subject">HR Manager: New Contract Approved by CEO</field>
            <field name="body_html" type="html">
                <div style="margin: 0px; padding: 0px;">
                    <p style="margin: 0px; padding: 0px; font-size: 13px;">
                        Dear ${ctx['partner_to_name']},
                        <br /><br />
                        A new Contract has been approved by CEO: ${(object.name or '')} <br />
                        <br /><br />
                    </p>
                </div>
            </field>
            <field name="lang">${object.lang}</field>
        </record>

            <record id="mail_template_new_contract_ee_manager" model="mail.template">
            <field name="name">New Contract: Notify HR Manager</field>
            <field name="model_id" ref="hr_contract.model_hr_contract"/>
            <field name="subject">HR Manager: New Contract Accepted by employee</field>
            <field name="body_html" type="html">
                <div style="margin: 0px; padding: 0px;">
                    <p style="margin: 0px; padding: 0px; font-size: 13px;">
                        Dear ${ctx['partner_to_name']},
                        <br /><br />
                        A new Contract has been approved by Employee: ${(object.name or '')} <br />
                        <br /><br />
                    </p>
                </div>
            </field>
            <field name="lang">${object.lang}</field>
        </record>

    </data>
</odoo>