<?xml version="1.0" encoding="utf-8"?>
<odoo>
    <data noupdate="1">
        <!-- Sequences for admission -->

        <record id="seq_admission" model="ir.sequence">
            <field name="name">Admission</field>
            <field name="code">admission.admission</field>
            <field name="prefix">AD</field>
            <field name="padding">3</field>
            <field name="company_id" eval="False" />
        </record>

        <record id="seq_enrollment_no_admission" model="ir.sequence">
            <field name="name">Enrollment No</field>
            <field name="code">enrollment.number</field>
            <field name="prefix">EN</field>
            <field name="padding">8</field>
            <field name="company_id" eval="False" />
        </record>
    </data>
</odoo>