<?xml version="1.0" encoding="utf-8"?>
<odoo>
    <data noupdate="1">

        <!-- Email For Student Credentials Information Template-->
        <record id="mail_template_for_login_student_user" model="mail.template">
            <field name="name">Student Credentials Information</field>
            <field name="model_id" ref="sync_ems_admission.model_admission_admission"/>
            <field name="email_from"><![CDATA[${(user.email or '')|safe}>]]></field>
            <field name="email_to">${object.middle_name and object.middle_name.email |safe}</field>
            <field name="subject"><![CDATA[User Credentials Information for ${object.enrollment_no}]]></field>
            <field name="partner_to">${object.middle_name.id}</field>
            <field name="body_html"><![CDATA[
        <p> Hello, ${object.student_id.name}</p>
        </br>
        <p>Your enrollment No. ${object.enrollment_no} and related credentials have been generated successfully.</p>
        <p> Login: ${object.student_id.user_id.email}</p>
        <p> Set your password from this link ${object.student_id.user_id.signup_url}</p>
        <br/>
        <p> Thanks <p>
        ${(user.name)}
            ]]>
            </field>
            <field name="auto_delete" eval="False"/>
            <field name="user_signature" eval="False"/>
        </record>

        <!-- Email For User Credentials Information Template-->
        <record id="mail_template_for_login_admission_user" model="mail.template">
            <field name="name">User Credentials Information</field>
            <field name="model_id" ref="sync_ems_admission.model_admission_admission"/>
            <field name="email_from"><![CDATA[${(user.email or '')|safe}>]]></field>
            <field name="email_to">${object.middle_name and object.middle_name.email |safe}</field>
            <field name="subject"><![CDATA[User Credentials Information for ${object.application_number}]]></field>
            <field name="partner_to">${object.middle_name.id}</field>
            <field name="body_html"><![CDATA[
        <p> Hello, ${object.middle_name.name}</p>
        </br>
        <p>Your application ${object.application_number} and related credentials have been generated successfully.</p>
        <p> Login: ${object.parent_user_id.email}</p>
        <p> Set your password from this link ${object.parent_user_id.signup_url}</p>
        <br/>
        <p> Thanks <p>
        ${(user.name)}
            ]]>
            </field>
            <field name="auto_delete" eval="False"/>
            <field name="user_signature" eval="False"/>
        </record>

        <!-- Email For Registration Payment Information-->
        <record id="mail_template_data_registration_payment_info" model="mail.template">
            <field name="name">Registration Payment Information</field>
            <field name="model_id" ref="sync_ems_admission.model_admission_admission"/>
            <field name="email_from"><![CDATA[${(user.email or '')|safe}>]]></field>
            <field name="email_to">${object.middle_name and object.middle_name.email |safe}</field>
            <field name="subject"><![CDATA[Registration Payment Information for ${object.application_number}]]></field>
            <field name="partner_to">${object.middle_name.id}</field>
            <field name="body_html"><![CDATA[
        <p> Hello, ${object.middle_name.name}</p>
        </br>
        <p>Your child's payment has been successfully paid.</p>
        <br/>
        <p> Thanks <p>
        ${(user.name)}
            ]]>
            </field>
            <field name="auto_delete" eval="False"/>
            <field name="user_signature" eval="False"/>
        </record>

        <!-- Email For Initial Acceptance Application-->
        <record id="mail_template_for_missing_admission_pending" model="mail.template">
            <field name="name">Missing Admission Process</field>
            <field name="model_id" ref="sync_ems_admission.model_admission_admission"/>
            <field name="email_from"><![CDATA[${(user.email or '')|safe}>]]></field>
            <field name="email_to">${object.middle_name and object.middle_name.email |safe}</field>
            <field name="subject"><![CDATA[Missing Admission Process in ${object.application_number}]]></field>
            <field name="partner_to">${object.middle_name.id}</field>
            <field name="body_html"><![CDATA[
        <p> Hello, ${object.middle_name.name}</p>
        </br>
        <p>Some elements are missing (application ${object.application_number}). Please complete the application and submit it again.</p>
        <br/>
        <p> Thanks <p>
        ${(user.name)}
            ]]>
            </field>
            <field name="auto_delete" eval="False"/>
            <field name="user_signature" eval="False"/>
        </record>

        <!-- Email For Initial Acceptance Application-->
        <record id="initial_acceptance_admission_send_email" model="mail.template">
            <field name="name">Initial Acceptance</field>
            <field name="model_id" ref="sync_ems_admission.model_admission_admission"/>
            <field name="email_from"><![CDATA[${(user.email or '')|safe}>]]></field>
            <field name="email_to">${object.middle_name and object.middle_name.email |safe}</field>
            <field name="subject"><![CDATA[Initial Acceptance for ${object.application_number}]]></field>
            <field name="partner_to">${object.middle_name.id}</field>
            <field name="body_html"><![CDATA[
        <p> Hello, ${object.middle_name.name}</p>
        </br>
        <p>Your application ${object.application_number} has been reviewed. Please visit the school(${object.school_id.name}) to complete the rest of admission process.</p>
        <br/>
        <p> Thanks <p>
        ${(user.name)}
            ]]>
            </field>
            <field name="auto_delete" eval="False"/>
            <field name="user_signature" eval="False"/>
        </record>

        <!-- Email For Submit Application-->
        <record id="submit_admission_request_send_email" model="mail.template">
            <field name="name">Submit Application</field>
            <field name="model_id" ref="sync_ems_admission.model_admission_admission"/>
            <field name="email_from"><![CDATA[${(user.email or '')|safe}>]]></field>
            <field name="email_to">${object.middle_name and object.middle_name.email |safe}</field>
            <field name="subject"><![CDATA[Submit Application for ${object.application_number}]]></field>
            <field name="partner_to">${object.middle_name.id}</field>
            <field name="body_html"><![CDATA[
        <p> Hello, ${object.middle_name.name}</p>
        </br>
        <p>Your application ${object.application_number} has been submitted successfully. Please refer to this application ID for any communication with our administration services.</p>
        <br/>
        <p> Thanks <p>
        ${(user.name)}
            ]]>
            </field>
            <field name="auto_delete" eval="False"/>
            <field name="user_signature" eval="False"/>
        </record>

        <!-- Email For Request Reject -->
        <record id="reject_admission_request_send_email" model="mail.template">
            <field name="name">Request Reject</field>
            <field name="model_id" ref="sync_ems_admission.model_admission_admission"/>
            <field name="email_from"><![CDATA[${(user.email or '')|safe}>]]></field>
            <field name="email_to">${object.middle_name and object.middle_name.email |safe}</field>
            <field name="subject"><![CDATA[Reject Application for ${object.application_number}]]></field>
            <field name="partner_to">${object.middle_name.id}</field>
            <field name="body_html"><![CDATA[
        <p> Hello, ${object.middle_name.name}</p>
        </br>
        <p>Your Admission Request is ${object.application_number} Rejected.</p>
        <strong>Your child is not eligible for the admission process:</strong>
        <p>${object.reject_reason}</p>
        <br/>
        <p> Thanks <p>
        ${(user.name)}
            ]]>
            </field>
            <field name="auto_delete" eval="False"/>
            <field name="user_signature" eval="False"/>
        </record>

    </data>
</odoo>