<?xml version="1.0" encoding="utf-8"?>
<odoo>
    <data noupdate="1">

        <!-- Resource: product.uom -->
        <record id="product_uom_month" model="uom.uom">
            <field name="name">Month(s)</field>
            <field ref="uom.uom_categ_wtime" name="category_id"/>
            <field name="uom_type">bigger</field>
        </record>

        <!-- Product -->
        <record id="product_product_reg_fees" model="product.product">
            <field name="list_price">75.0</field>
            <field name="standard_price">30.0</field>
            <field name="name">Registration Fee</field>
            <field name="categ_id" ref="product.product_category_all"/>
            <field name="type">service</field>
            <field name="other_fee">True</field>
            <field name="include_in_admission">True</field>
            <field name="is_admission_flag">True</field>
            <field name="default_code">Registration Fee</field>
            <field name="description">Registration Fee</field>
        </record>

        <record id="product_product_sem_fees" model="product.product">
            <field name="list_price">75.0</field>
            <field name="standard_price">30.0</field>
            <field name="name">Semester Fee</field>
            <field name="categ_id" ref="product.product_category_all"/>
            <field name="type">service</field>
            <field name="other_fee">True</field>
            <field name="include_in_admission">True</field>
            <field name="include_in_migration">True</field>
            <field name="is_admission_flag">True</field>
            <field name="default_code">Semester Fee</field>
            <field name="description">Semester Fee</field>
        </record>

        <record id="product_product_transport_fees" model="product.product">
            <field name="list_price">75.0</field>
            <field name="standard_price">30.0</field>
            <field name="name">Transportation Fee</field>
            <field name="categ_id" ref="product.product_category_all"/>
            <field name="type">service</field>
            <field name="transport_fee">True</field>
            <field name="include_in_admission">True</field>
            <field name="is_admission_flag">True</field>
            <field name="default_code">Transport Fee</field>
            <field name="uom_id" ref="product_uom_month"/>
            <field name="uom_po_id" ref="product_uom_month"/>
            <field name="description">Transport Fee</field>
        </record>

        <record id="product_product_uniform" model="product.product">
            <field name="list_price">75.0</field>
            <field name="standard_price">30.0</field>
            <field name="name">Uniform Fee</field>
            <field name="categ_id" ref="product.product_category_all"/>
            <field name="type">product</field>
            <field name="other_fee">True</field>
            <field name="include_in_admission">True</field>
            <field name="include_in_delivery">True</field>
            <field name="include_in_migration">True</field>
            <field name="is_admission_flag">True</field>
            <field name="default_code">Uniform Fee</field>
            <field name="description">Uniform Fee</field>
        </record>

    </data>
</odoo>
