<?xml version="1.0" encoding="UTF-8"?>
<templates xml:space="preserve">
    <t t-name="PreviousAcademicReport">
        <tr id="previous_academic_info_row" class="previous_academic_info_row_add">
            <t t-set="record_id" t-value="id"/>
            <td>
                <div>
                    <div>
                        <input required="required" type="text" class="form-control"
                               t-attf-name="name_#{record_id}"/>
                    </div>
                </div>
            </td>
            <td>
                <div>
                    <div>
                        <select required="" t-attf-id="semester_id_#{record_id}" class="form-control add_semester_id" t-attf-name="semester_id_#{record_id}" t-att-data-id="record_id">
                            <option value="" t-attf-selected="selected"></option>
                            <t t-foreach="semester_id" t-as="semester">
                                <option t-att-value="semester.id">
                                    <t t-esc="semester.name"/>
                                </option>
                            </t>
                        </select>
                        <input type="text" t-attf-id="semester_name_#{record_id}" class="form-control semester_name o_hidden" t-attf-name="semester_name_#{record_id}"/>
                        <div>
                            <input type="checkbox" t-attf-id="if_o_semester_#{record_id}" class="if_o_semester pt-1" t-attf-name="if_o_semester_#{record_id}"/>
                            <span class="text-success">Other?</span>
                        </div>
                    </div>
                </div>
            </td>
            <td>
                <div>
                    <div>
                        <select required="" t-attf-id="division_id_#{record_id}" t-att-data-id="id" class="form-control" t-attf-name="division_id_#{record_id}">
                            <option value="" t-attf-selected="selected"></option>
                            <t t-foreach="division_id" t-as="division">
                                <option t-att-value="division.id">
                                    <t t-esc="division.name"/>
                                </option>
                            </t>
                        </select>
                        <input type="text" t-attf-id="division_name_#{record_id}" class="form-control add_division_name o_hidden" t-attf-name="division_name_#{record_id}"/>
                        <div>
                            <input type="checkbox" t-attf-id="if_o_division_#{record_id}" class="if_o_division pt-1" t-attf-name="if_o_division_#{record_id}"/>
                            <span class="text-success">Other?</span>
                        </div>
                    </div>
                </div>
            </td>
            <td>
                <div>
                    <div>
                        <select required="" t-attf-id="language_id_#{record_id}" class="form-control" t-attf-name="language_id_#{record_id}">
                            <option value="" t-attf-selected="selected"></option>
                            <t t-foreach="language_ids" t-as="language">
                                <option t-att-value="language.id">
                                    <t t-esc="language.name"/>
                                </option>
                            </t>
                        </select>
                    </div>
                </div>
            </td>
            <td>
                <div>
                    <div>
                        <input type="date" required="required" min="1900-01-01" t-attf-name="start_date_#{record_id}" class="placeholder-change datetimepicker-input form-control" data-date-format="DD-MM-YYYY"  placeholder="DD-MM-YYYY"/>
                    </div>
                </div>
            </td>
            <td>
                <div>
                    <div>
                        <input type="date" required="required" min="1900-01-01" t-attf-name="end_date_#{record_id}" class="placeholder-change datetimepicker-input form-control" data-date-format="DD-MM-YYYY"  placeholder="DD-MM-YYYY"/>
                    </div>
                </div>
            </td>
            <td class="previous_academic_delete" width="50px">
                <span class="fa fa-trash-o fa-2x"
                      name="delete"/>
            </td>
        </tr>
    </t>
</templates>