<?xml version="1.0" encoding="utf-8"?>
<odoo>
    <data noupdate="1">
        <!-- Exam Code -->
        <record id="seq_exam_code" model="ir.sequence">
            <field name="name">Exam Code</field>
            <field name="code">exam.exam</field>
            <field name="prefix">EX/</field>
            <field name="padding">8</field>
            <field name="company_id" eval="False"/>
        </record>

        <!-- Re-Exam Code -->
        <record id="seq_re_exam_code" model="ir.sequence">
            <field name="name">Re-Exam Code</field>
            <field name="code">re-exam.exam</field>
            <field name="prefix">RE/EX/</field>
            <field name="padding">8</field>
            <field name="company_id" eval="False"/>
        </record>

        <!-- Weekly Evaluation Code -->
        <record id="seq_weekly_test_code" model="ir.sequence">
            <field name="name">Weekly Evaluation Code</field>
            <field name="code">weekly.test</field>
            <field name="prefix">WT/</field>
            <field name="padding">8</field>
            <field name="company_id" eval="False"/>
        </record>

    </data>
</odoo>