<?xml version="1.0" encoding="utf-8"?>
<odoo>
    <data noupdate="0">

        <!-- Email For Student Credentials Information Template-->
        <record id="mail_template_for_fail_students" model="mail.template">
            <field name="name">Student Result Information</field>
            <field name="model_id" ref="sync_exam.model_result_result"/>
            <field name="email_from"><![CDATA[${(user.email or '')|safe}>]]></field>
            <field name="email_to">${object.student_id and object.student_id.middle_name and object.student_id.middle_name.email |safe}</field>
            <field name="subject"><![CDATA[${object.student_id.first_name} Result Information for ${object.exam_id and object.exam_id.name}]]></field>
            <field name="partner_to">${object.student_id.middle_name.id}</field>
            <field name="body_html"><![CDATA[
        <p> Hello, ${object.student_id.middle_name.name}</p>
        </br>
        <h1>
            <strong>Notice of Failure</strong>
        </h1>
        <table width="70%" border="1">
            <tr>
                <th>First Name</th>
                <td width="35%">${object.student_id.first_name}</td>
                <th>Academic Year</th>
                <td width="35%">${object.exam_id.academic_year_id.name}</td>
            </tr>
            <tr>
                <th>Last Name</th>
                <td width="35%">${object.student_id.last_name}</td>
                <th>Academic Term</th>
                <td width="35%">${object.exam_id.academic_term}</td>
            </tr>
            <tr>
                <th>Nationality</th>
                <td width="35%">${object.student_id.countrys_id.name}</td>
                <th>Grade/Section</th>
                <td width="35%">${object.grade_id.name}</td>
            </tr>
            <tr>
                <th>Date of Birth</th>
                <td width="35%">${object.student_id.birth_date}</td>
                <th>Date of Admission</th>
                <td width="35%">${object.student_id.admission_date}</td>
            </tr>
            <tr>
                <th>Place of Birth</th>
                <td width="35%">${object.student_id.place_birth}</td>
                <th>ID / Iqama</th>
                <td width="35%">${object.student_id.iqama_no}</td>
            </tr>
        </table>
        </br>
        <p>We’re sorry to inform you that your son didn’t pass the following subject(s) and must re-exam them again as per the school regulations and promotion criteria.</p>
        <br/>
        <table width="50%" border="1">
            <tr>
                <th>No.</th>
                <th>Subject</th>
                <th>Academic Term</th>
                <th> Exam Name </th>
            </tr>
            <tr>
                <td>1</td>
                <td>${object.subject_id.name}</td>
                <td>${object.exam_id.academic_term}</td>
                <td>${object.exam_id.name}</td>
            </tr>
        </table>
        <br/>
    % if object.exam_id and not object.exam_id.is_re_exam:
        <p><strong> Note:</strong> Re-exam for all failed subjects will be during the second week of the coming academic year ${object.exam_id.academic_year_id.name} according to the following timetable.</p>
        <br/>
        <table width="50%" border="1">
            <tr>
                <th>No.</th>
                <th>Subject</th>
                <th>Re-Exam Date</th>
            </tr>
            <tr>
                <td>1</td>
                <td>${object.subject_id.name}</td>
                <td>
                    ${(not object.exam_id.is_re_exam and object.exam_id and object.exam_id.re_exam_date and object.exam_id.re_exam_date.strftime('%m-%d-%Y')) or (object.exam_id.is_re_exam and object.exam_id and object.exam_id.parent_exam_id.re_exam_date and object.exam_id.parent_exam_id.re_exam_date.strftime('%m-%d-%Y')) or '' }</td>
            </tr>
        </table>
        <br/>
    % endif

        <table width="70%" border="1">
            <tr>
                <th>Principal</th>
                <td width="35%">${object.exam_id and object.exam_id.school_id.principal_id and object.exam_id.school_id.principal_id.name or ''}</td>
                <th>Manager</th>
                <td width="35%">${object.exam_id and object.exam_id.school_id.manager_id and object.exam_id.school_id.manager_id.name or ''}</td>
            </tr>
        </table>
        <br/>

        <p><strong>Parents' Signature:</strong></p>
        <p><strong>Mobile : </strong></p>
        <br/>
        <p> Thanks <p>
        ${(user.name)}
            ]]>
            </field>
            <field name="auto_delete" eval="False"/>
            <field name="user_signature" eval="False"/>
        </record>
    </data>
</odoo>