<?xml version="1.0" encoding="UTF-8" ?>
<odoo noupdate="1">

    <record id="sync_exam_paperformat_marksheet" model="report.paperformat">
        <field name="name">Custom (Student Marksheet)</field>
        <field name="default" eval="True" />
        <field name="format">Letter</field>
        <field name="page_height">0</field>
        <field name="page_width">0</field>
        <field name="orientation">Portrait</field>
        <field name="margin_top">40</field>
        <field name="margin_bottom">7</field>
        <field name="margin_left">7</field>
        <field name="margin_right">7</field>
        <field name="header_line" eval="False" />
        <field name="header_spacing">35</field>
        <field name="dpi">90</field>
    </record>

</odoo>