<?xml version="1.0" encoding="utf-8"?>
<odoo>
    <data noupdate="1">
        <!-- Hr Expense Product -->
        <record id="perdiem_product" model="product.product">
            <field name="list_price">0.0</field>
            <field name="standard_price">0.0</field>
            <field name="type">service</field>
            <field name="name">Perdiem</field>
            <field name="default_code">PERDIEM</field>
            <field name="uom_id" ref="uom.product_uom_unit"/>
            <field name="uom_po_id" ref="uom.product_uom_unit"/>
            <field name="categ_id" ref="product.cat_expense"/>
            <field name="can_be_expensed" eval="True" />
        </record>
    </data>
</odoo>