<?xml version="1.0" encoding="utf-8"?>
<odoo>
    <data noupdate="0">

       <record id="mail_template_appraisal_notify_hr_manager" model="mail.template">
            <field name="name">Hr Appraisal: Notify HR Manager</field>
            <field name="model_id" ref="hr_appraisal.model_hr_appraisal"/>
            <field name="subject">New Appraisal Created</field>
            <field name="body_html" type="html">
                <div style="margin: 0px; padding: 0px;">
                    <p style="margin: 0px; padding: 0px; font-size: 13px;">
                        Dear ${ctx['partner_to_name']},
                        <br /><br />
                        A new Appraisal has been created: ${(object.name or '')} <br />
                        Here is the link of my appraisal:
                        <p style="margin: 16px 0px 16px 0px;">
                            <a href="${ctx['url']}"
                                style="background-color:#875A7B; padding: 8px 16px 8px 16px; text-decoration: none; color: #fff; border-radius: 5px;">
                                View Appraisal
                            </a>
                        </p>
                        <br /><br />
                        <tr><td style="padding:15px 20px 10px 20px;">${(object.employee_id.user_id.signature or '')| safe}</td></tr>
                    </p>
                </div>
            </field>
            <field name="lang">${object.lang}</field>
        </record>

        <record id="mail_template_appraisal_notify_direct_manager" model="mail.template">
            <field name="name">Hr Appraisal: Notify Direct Manager</field>
            <field name="model_id" ref="hr_appraisal.model_hr_appraisal"/>
            <field name="subject">Appraisal Notification</field>
            <field name="body_html" type="html">
                <div style="margin: 0px; padding: 0px;">
                    <p style="margin: 0px; padding: 0px; font-size: 13px;">
                        Dear ${ctx['partner_to_name']},
                        <br /><br />
                        Appraisal Notification: ${(object.name or '')} <br />
                        Here is the link of my appraisal:
                        <p style="margin: 16px 0px 16px 0px;">
                            <a href="${ctx['url']}"
                                style="background-color:#875A7B; padding: 8px 16px 8px 16px; text-decoration: none; color: #fff; border-radius: 5px;">
                                View Appraisal
                            </a>
                        </p>
                        <br /><br />
                        <tr><td style="padding:15px 20px 10px 20px;">${(object.employee_id.user_id.signature or '')| safe}</td></tr>
                    </p>
                </div>
            </field>
            <field name="lang">${object.lang}</field>
        </record>

    </data>
</odoo>