<?xml version="1.0" encoding="UTF-8"?>
<odoo>
    <data noupdate="0">

        <!--Admission-->
        <menuitem id="menu_admission_config_root" name="Admission" groups="sync_ems.group_back_office_admin"/>

        <menuitem id="menu_admission_config" name="Admission" parent="menu_admission_config_root" sequence="1"/>

        <menuitem id="menu_admission" name="Admission" parent="menu_admission_config" sequence="1" action="sync_ems_admission.act_open_admission_view" />

        <!-- <menuitem id="menu_payment_follow-up" name="Payment Follow Up" parent="menu_admission_config_root" sequence="2"/>
        <menuitem id="menu_my_follow-up" name="My Follow Up"
            parent="menu_payment_follow-up" sequence="1"
            action="account_followup.action_customer_followup" /> -->

        <menuitem id="menu_student_migration" name="Student Migration" parent="menu_admission_config_root" sequence="3"/>

        <menuitem id="menu_student_migration_submenu" name="Student Migration" parent="menu_student_migration" sequence="1"
        action="sync_ems_admission.act_open_student_migration_view"/>

        <!--Reporting-->
<!--         <menuitem id="menu_reporting" name="Reporting" parent="menu_admission_config_root" sequence="4"/>
        <menuitem action="action_wiz_student_financial_report" id="menu_sub_student_financial_rpt1" name="Student's Financial Statement" parent="menu_reporting" sequence="1"/>

        <menuitem action="action_wiz_students_financial_report" id="menu_sub_student_financial" name="Students' Financial Statement" parent="menu_reporting" sequence="2"/>

        <menuitem action="action_wiz_admission_analysis_report" id="menu_sub_student_financial_rpt" name="Admission Analysis" parent="menu_reporting" sequence="3"/>
 -->
        <!--Configuration-->
        <menuitem id="menu_configuration" name="Configuration" parent="menu_admission_config_root" sequence="5"/>

        <menuitem id="menu_product_product" name="Products" parent="menu_configuration" sequence="2" action="admission_product_action"/>

        <menuitem id="menu_act_education" name="Education" parent="menu_configuration" sequence="1" action="action_education_view"/>

        <menuitem id="menu_payment terms" name="Payment Terms" parent="menu_configuration" sequence="3" action="account.action_payment_term_form"/>

        <menuitem id="menu_sync_ems_admission_general_settings" name="Settings" parent="menu_configuration" action="sync_ems_admission.action_sync_admission_config_settings" sequence="0"/>

        <!-- Sale -->
        <!-- <menuitem id="menu_fees" parent="sale.sale_menu_root" name="Fees" sequence="0"/>

        <menuitem name="Fees" id="fees_quotations" parent="menu_fees" action="sync_ems_admission.action_quotations_fees" sequence="20"/> -->

    </data>
</odoo>