<?xml version="1.0" encoding="utf-8"?>
<odoo noupdate="1">
    <!-- Stock Picking Type Multi Branch Rule  -->
    <record id="stock_picking_type_branch_user_rule" model="ir.rule">
        <field name="name">Stock Picking Type multi-Branch User</field>
        <field name="model_id" ref="stock.model_stock_picking_type"/>
        <field name="global" eval="True"/>
        <field name="domain_force">['|',('branch_id','=',False),('branch_id','in',[branch.id for branch in user.branch_ids])]</field>
    </record>
</odoo>
