id,name,model_id:id,group_id:id,perm_read,perm_write,perm_create,perm_unlink
access_admission_admission_admin,access_admission_admission_admin,model_admission_admission,sync_ems.group_back_office_admin,1,1,1,1
access_admission_admission,access_admission_admission,model_admission_admission,base.group_user,1,0,0,0
access_product_product_price_admin,access_product_product_price_admin,model_product_product_price,sync_ems.group_back_office_admin,1,1,1,1
access_product_product_price,access_product_product_price,model_product_product_price,base.group_user,1,0,0,0
access_product_product_fee_price_admin,access_product_product_fee_price_admin,model_product_product_fee_price,sync_ems.group_back_office_admin,1,1,1,1
access_product_product_fee_price,access_product_product_fee_price,model_product_product_fee_price,base.group_user,1,0,0,0
access_account_fiscalyear_admin,access_account_fiscalyear_admin,model_account_fiscalyear,sync_ems.group_back_office_admin,1,1,1,1
access_student_transportation_user_admin,access_student_transportation_user_admin,model_student_transportation,sync_ems.group_back_office_admin,1,1,1,1
access_student_transportation_user,access_student_transportation_user,model_student_transportation,base.group_user,1,0,0,0
access_education_education_user_admin,access_education_education_user_admin,model_education_education,sync_ems.group_back_office_admin,1,1,1,1
access_education_education_user,access_education_education_user,model_education_education,base.group_user,1,0,0,0
access_previous_academic_report_admin,access_previous_academic_report_admin,model_previous_academic_report,sync_ems.group_back_office_admin,1,1,1,1
access_previous_languages_admin,access_previous_languages_admin,model_previous_languages,sync_ems.group_back_office_admin,1,1,1,1
access_previous_academic_report,access_previous_academic_report,model_previous_academic_report,base.group_user,1,0,0,0
access_previous_languages,access_previous_languages,model_previous_languages,base.group_user,1,0,0,0
access_other_standards_admin,access_other_standards_admin,model_other_standard,sync_ems.group_back_office_admin,1,1,1,1
access_other_standard,access_other_standard,model_other_standard,base.group_user,1,0,0,0
access_other_division_admin,access_other_division_admin,model_other_division,sync_ems.group_back_office_admin,1,1,1,1
access_other_division,access_other_division,model_other_division,base.group_user,1,0,0,0
access_admission_admission_group,access_admission_admission_admin,model_admission_admission,base.group_user,1,1,1,1
access_admission_admission_portal,access_admission_admission_portal,model_admission_admission,base.group_portal,1,1,1,1
access_semester_semester_portal,access_semester_semester_portal,sync_ems.model_semester_semester,base.group_portal,1,1,1,1
access_semester_semester_public,access_semester_semester_public,sync_ems.model_semester_semester,base.group_public,1,1,1,1
access_semester_history_portal,access_semester_history_portal,sync_ems.model_semester_history,base.group_portal,1,1,1,1
