<?xml version="1.0"?>
<odoo>
    <data>

        <record id="sync_ems.group_back_office_admin" model="res.groups">
            <field name="implied_ids" eval="[(4, ref('stock.group_stock_manager'))]"/>
        </record>

        <!-- Back Office Admin Rule -->
        <record model="ir.rule" id="boa_student_admission_multi_company_rule">
            <field name="name">Back office admin student admission multi-company rule</field>
            <field name="model_id" ref="model_admission_admission"/>
            <field name="groups" eval="[(4, ref('sync_ems.group_back_office_admin'))]"/>
            <field name="domain_force">[('school_id', 'child_of', user.allowed_school_ids.ids), '|', ('institute_id', '=', False), ('institute_id', 'child_of', user.company_ids.ids)]</field>
        </record>

        <!-- Super Admin Rule -->
        <record model="ir.rule" id="sa_student_admission_multi_company_rule">
            <field name="name">Super admin student admission multi-company rule</field>
            <field name="model_id" ref="model_admission_admission"/>
            <field name="groups" eval="[(4, ref('sync_ems.group_super_admin'))]"/>
            <field name="domain_force">['|', ('institute_id', '=', False), ('institute_id', 'child_of', user.company_ids.ids)]
            </field>
        </record>

        <!-- <record id="product_comp_rule" model="ir.rule">
            <field name="name" >Product multi-company</field>
            <field name="model_id" ref="model_product_template"/>
            <field name="global" eval="True"/>
            <field name="domain_force"> ['|',('company_id','=',user.company_id.id),('company_id','=',False)]</field>
        </record> -->

        <!-- Back Office Admin Rule -->
       <!--  <record model="ir.rule" id="boa_product_template_multi_company_rule">
            <field name="name">Back office admin product template multi-company rule</field>
            <field name="model_id" ref="model_product_template"/>
            <field name="groups" eval="[(4, ref('sync_ems.group_back_office_admin'))]"/>
            <field name="domain_force">['|',('company_id','=',False), ('company_id', 'in', company_ids)]</field>
        </record> -->

        <!-- Super Admin Rule -->
        <!-- <record model="ir.rule" id="sa_product_template_multi_company_rule">
            <field name="name">Super admin product template multi-company rule</field>
            <field name="model_id" ref="model_product_template"/>
            <field name="groups" eval="[(4, ref('sync_ems.group_super_admin'))]"/>
            <field name="domain_force">['|', ('company_id', 'child_of', user.company_ids.ids), ('company_id', '=', False)]
            </field>
        </record>
 -->
    </data>
</odoo>