<?xml version="1.0"?>
<odoo>
    <record id="rule_loans_employee" model="ir.rule">
        <field name="name">Employee HR Loans</field>
        <field name="model_id" ref="model_hr_loan"/>
        <field name="domain_force">[('employee_id.user_id', '=', user.id)]</field>
        <field name="groups" eval="[(4,ref('base.group_user'))]"/>
    </record>

    <!-- Loan Multi Company Rule -->
    <record id="rule_loans_multi_company" model="ir.rule">
        <field name="name">HR Loans: Multi Company Rules</field>
        <field name="model_id" ref="model_hr_loan"/>
        <field name="global" eval="True"/>
        <field name="domain_force">['|',('company_id','=',False),('company_id', 'in', company_ids)]</field>
    </record>

    <record id="rule_loans_officer" model="ir.rule">
        <field name="name">Line Officer HR Loans</field>
        <field name="model_id" ref="model_hr_loan"/>
        <field name="domain_force">[(1, '=', 1)]</field>
        <field name="groups" eval="[(4,ref('hr.group_hr_manager')),
        (4,ref('account.group_account_manager'))]"/>
    </record>

    <record id="rule_loans_line_user" model="ir.rule">
        <field name="name">Line Manager HR Loans</field>
        <field name="model_id" ref="model_hr_loan"/>
        <field name="domain_force">['|','|',('employee_id.user_id', '=', user.id),
            ('employee_id.parent_id.user_id', '=', user.id),
            ('employee_id.coach_id.user_id', '=', user.id)]</field>
        <field name="groups" eval="[(4,ref('saudi_hr.group_line_manager')),
        (4,ref('hr.group_hr_user'))]"/>
    </record>

    <record id="rule_loan_operation_employee" model="ir.rule">
        <field name="name">Employee HR Loan Operation</field>
        <field name="model_id" ref="model_hr_loan_operation"/>
        <field name="domain_force">[('employee_id.user_id', '=', user.id)]</field>
        <field name="groups" eval="[(4,ref('base.group_user'))]"/>
    </record>

    <record id="rule_loan_operation_manager" model="ir.rule">
        <field name="name">Manager HR loan operation</field>
        <field name="model_id" ref="model_hr_loan_operation"/>
        <field name="domain_force">[(1, '=', 1)]</field>
        <field name="groups" eval="[(4,ref('hr.group_hr_manager')), (4,ref('account.group_account_manager'))]"/>
    </record>

    <!-- Loan Operation Multi Company Rule -->
    <record id="rule_loan_operation_multi_company" model="ir.rule">
        <field name="name">HR Operation Loans: Multi Company Rules</field>
        <field name="model_id" ref="model_hr_loan_operation"/>
        <field name="global" eval="True"/>
        <field name="domain_force">['|',('company_id','=',False),('company_id', 'in', company_ids)]</field>
    </record>

    <!-- Loan Multi Branch Rule  -->
    <record model="ir.rule" id="loan_branch_rule_global">
        <field name="name">Loan multi-branch</field>
        <field name="model_id" ref="saudi_hr_loan.model_hr_loan"/>
        <field name="global" eval="True"/>
        <field name="domain_force">['|', ('branch_id', '=', False), ('branch_id', 'in', user.branch_ids.ids)]</field>
    </record>

    <record model="ir.rule" id="loan_operation_branch_rule_global">
        <field name="name">Loan Operation multi-branch</field>
        <field name="model_id" ref="saudi_hr_loan.model_hr_loan_operation"/>
        <field name="global" eval="True"/>
        <field name="domain_force">['|', ('branch_id', '=', False), ('branch_id', 'in', user.branch_ids.ids)]</field>
    </record>

    <record id="group_employee_can_request_loan" model="res.groups">
        <field name="name">Employee can Request Loan</field>
        <field name="category_id" ref="base.module_category_hidden"/>
    </record>

    <!--<record id="rule_installment_line_employee" model="ir.rule">-->
        <!--<field name="name">Employee Installment Line</field>-->
        <!--<field name="model_id" ref="model_installment_line"/>-->
        <!--<field name="domain_force">[('employee_id.user_id', '=', user.id)]</field>-->
        <!--<field name="groups" eval="[(4,ref('base.group_user'))]"/>-->
    <!--</record>-->

    <!--<record id="rule_installment_line_officer" model="ir.rule">-->
        <!--<field name="name">officer Installment Line</field>-->
        <!--<field name="model_id" ref="model_installment_line"/>-->
        <!--<field name="domain_force">['|',('employee_id.company_id','=',False),('employee_id.company_id','child_of',[user.company_id.id])]</field>-->
        <!--<field name="groups" eval="[(4,ref('hr.group_hr_user'))]"/>-->
    <!--</record>-->

    <!--<record id="rule_skip_installment_employee" model="ir.rule">-->
        <!--<field name="name">Employee HR Loans</field>-->
        <!--<field name="model_id" ref="model_hr_skip_installment"/>-->
        <!--<field name="domain_force">[('employee_id.user_id', '=', user.id)]</field>-->
        <!--<field name="groups" eval="[(4,ref('base.group_user'))]"/>-->
    <!--</record>-->

    <!--<record id="rule_skip_installment_officer" model="ir.rule">-->
        <!--<field name="name">Officer HR Loans</field>-->
        <!--<field name="model_id" ref="model_hr_skip_installment"/>-->
        <!--<field name="domain_force">['|',('company_id','=',False),('company_id','child_of',[user.company_id.id])]</field>-->
        <!--<field name="groups" eval="[(4,ref('hr.group_hr_user'))]"/>-->
    <!--</record>-->


</odoo>