<?xml version="1.0" encoding="UTF-8"?>
<templates id="hyperpay" xml:space="preserve">
    <t t-name="payment_hyperpay.modal">
        <div class="modal" tabindex="-1" role="dialog" id="payment_hyperpay_modal">
            <div class="modal-dialog" role="document">
                <div class="modal-content">
                    <div class="modal-header">
                        <h4 class="modal-title">Hyperpay Payment</h4>
                        <button id="hyperpay_close" type="button" class="close" data-dismiss="modal" aria-label="Close">&amp;times;</button>
                    </div>
                    <div class="modal-body">
                        <div id="hyperpay-modal-body">
                          <div class="hyperpay_loader" style="margin:auto;"></div>
                        </div>
                    </div>
                </div>
            </div>
        </div>
    </t>
</templates>
