<?xml version="1.0" encoding="utf-8"?>
<odoo>
    <data noupdate="1">

        <record id="sequence_studnet" model="ir.sequence">
            <field name="name">Student Sequence</field>
            <field name="code">sutdent_id</field>
            <field name="prefix"></field>
            <field eval="1" name="number_next"/>
            <field eval="1" name="number_increment"/>
            <field eval="True" name="use_date_range"/>
            <field name="padding">4</field>
        </record>

    </data>
</odoo>