<?xml version="1.0" encoding="utf-8"?>
<odoo>
    <data noupdate="1">
        <!--Loan Freeze & Unfreeze Cron Job-->
        <record id="employee_loan_unfreeze_scheduler" model="ir.cron">
            <field name="name">Unfreeze Employee Loan</field>
            <field name="model_id" ref="model_hr_loan"/>
            <field name="state">code</field>
            <field name="code">model.is_employee_loan_unfreeze()</field>
            <field name="interval_number">1</field>
            <field name="interval_type">minutes</field>
            <field name="numbercall">-1</field>
            <field eval="False" name="doall"/>
            <field name="priority">5</field>
        </record>

        <!--Loan Operation Cron Job-->
        <record id="employee_loan_operation_scheduler" model="ir.cron">
            <field name="name">Employee Loan Operation</field>
            <field name="model_id" ref="model_hr_loan_operation"/>
            <field name="state">code</field>
            <field name="code">model.apply_loan_operation()</field>
            <field name="interval_number">1</field>
            <field name="interval_type">days</field>
            <field name="numbercall">-1</field>
            <field eval="False" name="doall"/>
            <field name="priority">6</field>
        </record>

        <!-- Sequences for loan.operation.request -->
        <record id="seq_hr_loan_operation" model="ir.sequence">
            <field name="name">Loan Operation Request</field>
            <field name="code">hr.loan.operation</field>
            <field name="prefix">LOP</field>
            <field name="padding">5</field>
            <field name="company_id" eval="False"/>
        </record>
    </data>
</odoo>