<?xml version="1.0" encoding="utf-8"?>
<odoo>
    <data noupdate="1">
        <!-- Loan Deduction -->
        <record id="hr_salary_rule_loan" model="hr.salary.rule">
           <field name="name">Loan Deduction</field>
           <field name="category_id" ref="hr_payroll.DED"/>
           <field name="code">LOAN</field>
           <field name="sequence" eval="140"/>
           <field name="struct_id" ref="hr_payroll_base.payroll_base_structure_002"/>
           <field name="amount_select">fix</field>
           <field name="quantity">0.0</field>
           <field name="amount_fix">0.00</field>
         </record>

        <!--&lt;!&ndash; Salary Structure &ndash;&gt;-->
         <!--<record id="hr_payroll.structure_base" model="hr.payroll.structure">-->
            <!--<field name="name">Company Salary Structures</field>-->
            <!--<field name="rule_ids" eval="[(4,ref('hr_salary_rule_loan'))]" />-->
            <!--<field name="company_id" ref="base.main_company"/>-->
        <!--</record>-->
    </data>
</odoo>