<?xml version="1.0" encoding="utf-8"?>
<odoo>
    <data noupdate="1">
        <record id="sequence_hr_loan" model="ir.sequence">
            <field name="name">Loan Sequence</field>
            <field name="code">hr_loan</field>
            <field name="prefix">LOAN/</field>
            <field eval="1" name="number_next"/>
            <field eval="1" name="number_increment"/>
            <!--<field eval="True" name="use_date_range"/>-->
            <field name="padding">5</field>
        </record>
    </data>
</odoo>