<?xml version="1.0" encoding="UTF-8"?>

<templates>
    <t t-name="BatchTimesheetHeader">
        <div class="d-inline-block mr-3">
            <button class="o_gantt_button_swap o_gantt_button_prev btn btn-primary" title="Previous" data-value="previous">
                <span class="fa fa-arrow-left"/>
            </button>
            <button class="o_gantt_button_swap o_gantt_button_today btn btn-primary" data-value="today">
                Today
            </button>
            <button class="o_gantt_button_swap o_gantt_button_next btn btn-primary" title="Next" data-value="next">
                <span class="fa fa-arrow-right"/>
            </button>
        </div>
        <button t-foreach="widget.allowedScales" t-as="scale" t-attf-class="o_gantt_button_scale btn btn-secondary #{widget.activateScale == scale ? 'active' : ''}" type="button" t-att-data-value="scale">
            <t t-esc="scale"/>
        </button>
        <button t-attf-class="btn btn-primary save_draft_timesheet" title="Save Final Timesheet" data-value="save_final_timesheet" >
            Save Final Timesheet
        </button>
        <button t-attf-class="btn btn-primary export_timesheet" title="Export Timesheet" data-value="export_timesheet" >
            Export Timesheet
        </button>
        <!-- <button title="Export Timesheet" data-value="save_final_timesheet" >
            Export Timesheet
        </button> -->
        <div class="indentity-panel">
            <span class="indentity-group">
                <span class="identity-room" /> Rooms
            </span>
            <span class="indentity-group">
                <span class="identity-teacher" /> Teachers
            </span>
            <span class="indentity-group">
                <span class="identity-counselling" /> Counselling Time
            </span>
            <span class="indentity-group">
                <span class="identity-preparation" /> Preparation Time
            </span>
            <span class="indentity-group">
                <span class="identity-roomgap" /> Room Gap Time
            </span>
        </div>
    </t>
</templates>