<?xml version="1.0" encoding="UTF-8"?>
<odoo>
    <data noupdate="0">

        <record id="sms_template_for_login_admission_student_user" model="sms.template">
            <field name="name">Student Login</field>
            <field name="model_id" ref="model_admission_admission"/>
            <field name="body">Hi ${object.student_id.name},
                Your enrollment No. ${object.enrollment_no} and related credentials have been generated successfully.
                Login: ${object.student_id.user_id.email}
                Set your password from this link ${object.student_id.user_id.signup_url}
            </field>
        </record>

        <record id="sms_template_for_login_admission_user" model="sms.template">
            <field name="name">Admission Login</field>
            <field name="model_id" ref="model_admission_admission"/>
            <field name="body">Hi ${object.middle_name.name},
                Your child's Application ID ${object.application_number} has been generated successfully.
                Parent Login: ${object.parent_user_id.email}.
                Set your password by clicking on this link: ${object.parent_user_id.signup_url}
            </field>
        </record>

        <!-- Pendding Status -->
        <record id="sms_template_for_missing_admission_pending" model="sms.template">
            <field name="name">Missing Admission Process</field>
            <field name="model_id" ref="model_admission_admission"/>
            <field name="body">Hi ${object.middle_name.name},
                Some records are missing, we have listed you which records are missing (application ${object.application_number}). Please complete the application by going to your login and submit it again.</field>
        </record>

        <record id="sms_template_for_admission_initial_acceptance" model="sms.template">
            <field name="name">Initial Acceptance</field>
            <field name="model_id" ref="model_admission_admission"/>
            <field name="body">Hi ${object.middle_name.name},
                Your child's Application ID ${object.application_number} has been reviewed. Please visit the school(${object.school_id.name}) to complete the rest of admission process.</field>

        </record>

        <record id="sms_template_for_admission_submit" model="sms.template">
            <field name="name">Submit Application</field>
            <field name="model_id" ref="model_admission_admission"/>
            <field name="body">Hi ${object.middle_name.name},
                Your child's Application ID ${object.application_number} has been submitted successfully. Please refer to this application ID for any communication with our administration services.</field>
        </record>

        <!-- Reject Status -->
        <record id="sms_template_for_admission_reject" model="sms.template">
            <field name="name">Admission Rejected</field>
            <field name="model_id" ref="model_admission_admission"/>
            <field name="body">Hi ${object.middle_name.name},
                Your child's Application ID ${object.application_number} in ${object.school_id.name}.
                Your child is not eligible for the admission: ${object.reject_reason}.</field>
        </record>

        <record id="sms_template_data_admission_info" model="sms.template">
            <field name="name">Registration Information</field>
            <field name="model_id" ref="model_admission_admission"/>
            <field name="body">Hi ${object.middle_name.name}, Your child's registration has been confirmed with App.No : ${object.application_number} in ${object.school_id.name}.</field>
        </record>

        <record id="sms_template_data_registration_payment_info" model="sms.template">
            <field name="name">Registration Payment Information</field>
            <field name="model_id" ref="model_admission_admission"/>
            <field name="body">Hi ${object.middle_name.name}, Your child's payment of ${object.all_total_price} has been successfully paid. Please go to your Login->My Account->Invoices to see all generated invoices</field>
        </record>

        <record id="sms_template_data_payment_info" model="sms.template">
            <field name="name">Payment Information</field>
            <field name="model_id" ref="model_admission_admission"/>
            <field name="body">Hi ${object.middle_name.name},  Your payment for ${context.get('name')} of ${context.get('price')} has been successfully paid.</field>
        </record>

    </data>
</odoo>