<?xml version="1.0" encoding="UTF-8"?>
<odoo>
    <!--Exam Management-->
        <!--Admission-->
        <menuitem id="menu_exam_config_root" name="Exams Management" groups="sync_ems.group_super_admin,sync_ems.group_faculty"/>

        <menuitem name="Exams" id="exam_menu" parent="menu_exam_config_root" sequence="1" groups="sync_ems.group_super_admin,sync_ems.group_faculty"/>

        <menuitem action="action_exam_management" id="menu_sub_exam" name="Exam" parent="exam_menu" sequence="1"/>

        <menuitem action="action_weekly_test_management" id="menu_sub_weekly_test" name="Weekly Evaluation" parent="exam_menu" sequence="2"/>

        <menuitem action="action_weekly_test_linguistics_management" id="menu_sub_weekly_test_linguistics" name="Linguistics" parent="exam_menu" sequence="3"/>

        <menuitem action="sync_exam.action_exam_sheet" id="menu_sub_exam_sheet" name="Exam Sheet" parent="sync_exam.exam_menu" sequence="4"/>

        <menuitem name="Results" id="result_menu" parent="menu_exam_config_root" sequence="1" />

        <menuitem action="action_result_management" id="result_sub_menu" name="Result" parent="result_menu"/>

        <!--Configuration-->
        <menuitem id="menu_sync_exam_submenu" name="Configuration" parent="menu_exam_config_root" sequence="19" groups="base.group_system"/>

        <menuitem id="menu_exam_grade" name="Grade" parent="menu_sync_exam_submenu" action="sync_exam.action_grade_grade_view" sequence="1" />

        <menuitem id="menu_exam_academic_year" name="Academic Year" parent="menu_sync_exam_submenu" action="sync_exam.action_academic_year_view" sequence="1" />

        <menuitem id="menu_exam_template" name="Exam Template" parent="menu_sync_exam_submenu" action="sync_exam.action_exam_tempalate_view" sequence="1"/>

        <menuitem id="menu_weekly_test_subject" name="Weekly Evaluation Subjects" parent="menu_sync_exam_submenu" action="sync_exam.action_weekly_test_subject_management" sequence="2"/>

        <menuitem id="menu_sync_exam_general_settings" name="Settings" parent="menu_sync_exam_submenu" action="sync_exam.action_sync_exam_config_settings" sequence="0" />

        <menuitem id="menu_sync_exam_report" name="Reporting" parent="sync_exam.menu_exam_config_root" sequence="4" />

        <menuitem action="sync_exam.action_student_receiving_list_wiz_report" id="menu_student_result_receiving_list" name="Result Receiving List" parent="sync_exam.menu_sync_exam_report" groups="sync_ems.group_super_admin,sync_ems.group_faculty"/>

        <menuitem action="sync_exam.action_studnet_marksheet_wiz_report" id="menu_student_marksheet_report" name="Student(s) Marksheet" parent="sync_exam.menu_sync_exam_report" groups="sync_ems.group_super_admin,sync_ems.group_faculty"/>

</odoo>