id,name,model_id:id,group_id:id,perm_read,perm_write,perm_create,perm_unlink
access_ils_academy,access_ils_academy,model_ils_academy,base.group_user,1,1,1,1
access_academy_city,access_academy_city,model_academy_city,base.group_user,1,1,1,1
access_academy_resion,access_academy_resion,model_academy_resion,base.group_user,1,1,1,1
access_ils_batch,access_ils_batch,model_ils_batch,base.group_user,1,1,1,1
access_ils_enrollment,access_ils_enrollment,model_ils_enrollment,base.group_user,1,1,1,1
access_ils_school,access_ils_school,model_ils_school,base.group_user,1,1,1,1
access_ils_qualification,access_ils_qualification,model_ils_qualification,base.group_user,1,1,1,1 
access_ils_education,access_ils_education,model_ils_education,base.group_user,1,1,1,1
access_ils_employer,access_ils_employer,model_ils_employer,base.group_user,1,1,1,1
access_ils_employment,access_ils_employment,model_ils_employment,base.group_user,1,1,1,1
access_ils_admission_checklist_static,access_ils_admission_checklist_static,model_ils_admission_checklist_static,base.group_user,1,1,1,1 
access_ils_admission_checklist,access_ils_admission_checklist,model_ils_admission_checklist,base.group_user,1,1,1,1
access_ils_modules,access_ils_modules,model_ils_modules,base.group_user,1,1,1,1
access_ils_semester,access_ils_semester,model_ils_semester,base.group_user,1,1,1,1
access_ils_room,access_ils_room,model_ils_room,base.group_user,1,1,1,1
access_ils_teacher,access_ils_teacher,model_ils_teacher,base.group_user,1,1,1,1
access_ils_timetable,access_ils_timetable,model_ils_timetable,base.group_user,1,1,1,1
access_ils_timetable_line,access_ils_timetable_line,model_ils_timetable_line,base.group_user,1,1,1,1
access_ils_enrollment_student_group,access_ils_enrollment_student_group,model_ils_enrollment_student_group,base.group_user,1,1,1,1
access_ils_module_room,access_ils_module_room,model_ils_module_room,base.group_user,1,1,1,1
access_ils_academy_timeslot,access_ils_academy_timeslot,model_ils_academy_timeslot,base.group_user,1,1,1,1
access_ils_academy_dayoff,access_ils_academy_dayoff,model_ils_academy_dayoff,base.group_user,1,1,1,1
access_ils_enrollment_student_semester,access_ils_enrollment_student_semester,model_ils_enrollment_student_semester,base.group_user,1,1,1,1