<?xml version="1.0" encoding="UTF-8"?>
<odoo>
    <data>
        <!--Faculty Rule-->
        <record id="exam_faculty_rule" model="ir.rule">
            <field name="name">Faculty Exam Rule</field>
            <field ref="model_exam_exam" name="model_id"/>
            <field name="domain_force">[('school_id', 'child_of', user.allowed_school_ids.ids), '|', ('institute_id', '=', False), ('institute_id', 'child_of', user.company_ids.ids)]</field>
            <field name="groups" eval="[(4, ref('sync_ems.group_faculty'))]"/>
        </record>
        <record id="weekly_test_faculty_rule" model="ir.rule">
            <field name="name">Faculty Weekly Evaluation Rule</field>
            <field ref="model_weekly_test" name="model_id"/>
            <field name="domain_force">[('school_id', 'child_of', user.allowed_school_ids.ids), '|', ('institute_id', '=', False), ('institute_id', 'child_of', user.company_ids.ids)]</field>
            <field name="groups" eval="[(4, ref('sync_ems.group_faculty'))]"/>
        </record>
        <record model="ir.rule" id="exam_sheet_faculty_rule">
            <field name="name">Faculty Exam Sheet Rule</field>
            <field name="model_id" ref="model_exam_sheet"/>
            <field name="groups" eval="[(4, ref('sync_ems.group_faculty'))]"/>
            <field name="domain_force">[('school_id', 'child_of', user.allowed_school_ids.ids), '|', ('institute_id', '=', False), ('institute_id', 'child_of', user.company_ids.ids)]</field>
        </record>
        <record id="result_faculty_rule" model="ir.rule">
            <field name="name">Faculty Result Rule</field>
            <field ref="model_result_result" name="model_id"/>
            <field name="domain_force">[('exam_id.school_id', 'child_of', user.allowed_school_ids.ids), '|', ('exam_id.institute_id', '=', False), ('exam_id.institute_id', 'child_of', user.company_ids.ids)]</field>
            <field name="groups" eval="[(4, ref('sync_ems.group_faculty'))]"/>
        </record>
        <record id="weekly_test_result_faculty_rule" model="ir.rule">
            <field name="name">Faculty Weekly Evaluation Result Rule</field>
            <field ref="model_weekly_test_result" name="model_id"/>
            <field name="domain_force">[('weekly_test_id.school_id', 'child_of', user.allowed_school_ids.ids), '|', ('weekly_test_id.institute_id', '=', False), ('weekly_test_id.institute_id', 'child_of', user.company_ids.ids)]</field>
            <field name="groups" eval="[(4, ref('sync_ems.group_faculty'))]"/>
        </record>

        <!-- Super Admin Rule -->
        <record model="ir.rule" id="sa_exam_multi_company_rule">
            <field name="name">Super admin Exam Rule</field>
            <field name="model_id" ref="model_exam_exam"/>
            <field name="groups" eval="[(4, ref('sync_ems.group_super_admin'))]"/>
            <field name="domain_force">[('school_id', 'child_of', user.allowed_school_ids.ids), '|',
            ('institute_id', '=', False), ('institute_id', 'child_of', user.company_ids.ids)]</field>
        </record>
        <record model="ir.rule" id="sa_weekly_test_multi_company_rule">
            <field name="name">Super admin Weekly Evaluation Rule</field>
            <field name="model_id" ref="model_weekly_test"/>
            <field name="groups" eval="[(4, ref('sync_ems.group_super_admin'))]"/>
            <field name="domain_force">[('school_id', 'child_of', user.allowed_school_ids.ids), '|',
            ('institute_id', '=', False), ('institute_id', 'child_of', user.company_ids.ids)]</field>
        </record>
        <record model="ir.rule" id="sa_exam_sheet_multi_company_rule">
            <field name="name">Super admin Exam Sheet multi-company rule</field>
            <field name="model_id" ref="model_exam_sheet"/>
            <field name="groups" eval="[(4, ref('sync_ems.group_super_admin'))]"/>
            <field name="domain_force">[('school_id', 'child_of', user.allowed_school_ids.ids), '|', ('institute_id', '=', False), ('institute_id', 'child_of', user.company_ids.ids)]</field>
        </record>

        <record id="sa_result_faculty_rule" model="ir.rule">
            <field name="name">Super admin Result Rule</field>
            <field ref="model_result_result" name="model_id"/>
            <field name="domain_force">[('exam_id.school_id', 'child_of', user.allowed_school_ids.ids), '|', ('exam_id.institute_id', '=', False), ('exam_id.institute_id', 'child_of', user.company_ids.ids)]</field>
            <field name="groups" eval="[(4, ref('sync_ems.group_super_admin'))]"/>
        </record>
        <record id="sa_weekly_test_result_faculty_rule" model="ir.rule">
            <field name="name">Super admin Weekly Evaluation Result Rule</field>
            <field ref="model_weekly_test_result" name="model_id"/>
            <field name="domain_force">[('weekly_test_id.school_id', 'child_of', user.allowed_school_ids.ids), '|', ('weekly_test_id.institute_id', '=', False), ('weekly_test_id.institute_id', 'child_of', user.company_ids.ids)]</field>
            <field name="groups" eval="[(4, ref('sync_ems.group_super_admin'))]"/>
        </record>
    </data>
</odoo>