id,name,model_id:id,group_id:id,perm_read,perm_write,perm_create,perm_unlink
access_exam_admin,access_exam_exam_admin,model_exam_exam,sync_ems.group_back_office_admin,1,1,1,1
access_exam,access_exam_exam,model_exam_exam,base.group_user,1,0,0,0
access_weekly_test_admin,access_weekly_test_admin,model_weekly_test,sync_ems.group_back_office_admin,1,1,1,1
access_weekly_test,access_weekly_test,model_weekly_test,base.group_user,1,0,0,0
access_weekly_test_subject_admin,access_weekly_test_subject_admin,model_weekly_test_subject,sync_ems.group_back_office_admin,1,1,1,1
access_weekly_test_subject,access_weekly_test_subject,model_weekly_test_subject,base.group_user,1,0,0,0
access_result_result,access_result_result,model_result_result,base.group_user,1,0,0,0
access_result_result_admin,access_result_result_admin,model_result_result,sync_ems.group_back_office_admin,1,1,1,1
access_weekly_test_result,access_weekly_test_result,model_weekly_test_result,base.group_user,1,0,0,0
access_weekly_test_result_admin,access_weekly_test_result_admin,model_weekly_test_result,sync_ems.group_back_office_admin,1,1,1,1
access_grade_grade_admin,access_grade_grade_admin,model_grade_grade,sync_ems.group_back_office_admin,1,1,1,1
access_grade_grade,access_grade_grade,model_grade_grade,base.group_user,1,0,0,0
access_exam_template,access_exam_template,model_exam_template,base.group_user,1,1,1,0
access_exam_template_admin,access_exam_template_admin,model_exam_template,sync_ems.group_back_office_admin,1,1,1,1
access_weekly_exams_values,access_weekly_exams_values,model_weekly_exams_values,base.group_user,1,1,1,0
access_weekly_exams_values_admin,access_weekly_exams_values_admin,model_weekly_exams_values,sync_ems.group_back_office_admin,1,1,1,1
access_academic_year_admin,access_academic_year_admin,model_academic_year,sync_ems.group_back_office_admin,1,1,1,1
access_academic_year,access_academic_year,model_academic_year,base.group_user,1,0,0,0
access_exam_sheet_admin,access_exam_sheet_admin,model_exam_sheet,sync_ems.group_back_office_admin,1,1,1,1
access_exam_sheet,access_exam_sheet,model_exam_sheet,base.group_user,1,0,0,0
access_grand_performance_appraisal_admin,access_grand_performance_appraisal_admin,model_grand_performance_appraisal,sync_ems.group_back_office_admin,1,1,1,1
access_grand_performance_appraisal,access_grand_performance_appraisal,model_grand_performance_appraisal,base.group_user,1,0,0,0
access_extra_exam_result_admin,access_extra_exam_result_admin,model_extra_exam_result,sync_ems.group_back_office_admin,1,1,1,1
access_extra_exam_result,access_extra_exam_result,model_extra_exam_result,base.group_user,1,0,0,0
