<?xml version="1.0" encoding="utf-8"?>
<odoo>
    <data noupdate="0">

        <record id="automated_action_create_contract_renew" model="base.automation">
            <field name="name">Contract Renew: Auto Create Contract Renew</field>
            <field name="model_id" ref="hr_contract.model_hr_contract"/>
            <field name="crud_model_id" ref="bunyan_renew_contract.model_contract_renew"/>
            <field name="state">object_create</field>
<!--            <field name="code" eval="'records.write({\'user_id\': %s})' % ref('base.user_demo')"/>-->
            <field name="trigger">on_write</field>
            <field name="trigger_field_ids" eval="[(4,ref('hr_contract.field_hr_contract__state'))]"/>
            <field name="filter_domain">[('state', '=', 'close')]</field>
            <field name="active" eval="True"/>
            <field name="fields_lines" eval="[(0, 0, {'col1': ref('bunyan_renew_contract.field_contract_renew__expired_contract_id'), 'value': 'record.id', 'evaluation_type': 'equation'})]"/>
        </record>

    </data>
</odoo>