<?xml version="1.0" encoding="utf-8"?>
<odoo>
    <data noupdate="0">

       <record id="contract_renew_seq" model="ir.sequence">
           <field name="name">Employee Contract Renew Code</field>
            <field name="code">contract.renew.sequence</field>
            <field name="prefix">CR/</field>
            <field eval="1" name="number_next"/>
            <field eval="1" name="number_increment"/>
            <field eval="False" name="company_id"/>
            <field name="padding">3</field>
       </record>

    </data>
</odoo>