<?xml version="1.0" encoding="utf-8"?>
<odoo>
    <!--Payslip Allowance Input Type-->
    <record id="other_allowance_amount_input" model="hr.payslip.input.type">
        <field name="name">Other Allowance Amount</field>
        <field name="code">OTHER_ALLOWANCE_AMOUNT</field>
    </record>

    <record id="other_allowance_days_input" model="hr.payslip.input.type">
        <field name="name">Other Allowance Days</field>
        <field name="code">OTHER_ALLOWANCE_DAYS</field>
    </record>

    <record id="other_allowance_hours_input" model="hr.payslip.input.type">
        <field name="name">Other Allowance Hours</field>
        <field name="code">OTHER_ALLOWANCE_HOURS</field>
    </record>

    <record id="other_allowance_percentage_input" model="hr.payslip.input.type">
        <field name="name">Other Allowance Percentage</field>
        <field name="code">OTHER_ALLOWANCE_PERCENTAGE</field>
    </record>

    <!--Payslip Deduction Input Type-->
    <record id="other_deduction_amount_input" model="hr.payslip.input.type">
        <field name="name">Other Deduction Amount</field>
        <field name="code">OTHER_DEDUCTION_AMOUNT</field>
    </record>

    <record id="other_deduction_days_input" model="hr.payslip.input.type">
        <field name="name">Other Deduction Days</field>
        <field name="code">OTHER_DEDUCTION_DAYS</field>
    </record>

    <record id="other_deduction_hours_input" model="hr.payslip.input.type">
        <field name="name">Other Deduction Hours</field>
        <field name="code">OTHER_DEDUCTION_HOURS</field>
    </record>

    <record id="other_deduction_percentage_input" model="hr.payslip.input.type">
        <field name="name">Other Deduction Percentage</field>
        <field name="code">OTHER_DEDUCTION_PERCENTAGE</field>
    </record>

    <!-- Rule Category-->
    <record id="other" model="hr.salary.rule.category">
        <field name="name">Other Allowance</field>
        <field name="parent_id" ref="hr_payroll.ALW"/>
        <field name="code">OTHER</field>
    </record>

    <record id="HRA" model="hr.salary.rule.category">
        <field name="name">Housing Rent Allowance</field>
        <field name="parent_id" ref="hr_payroll.ALW"/>
        <field name="code">HRA</field>
    </record>

    <record id="TA" model="hr.salary.rule.category">
        <field name="name">Transportation</field>
        <field name="parent_id" ref="hr_payroll.ALW"/>
        <field name="code">TA</field>
    </record>

    <!-- House Rent Allowance-->
    <record id="hr_salary_rule_houserentallowance" model="hr.salary.rule">
        <field name="condition_select">python</field>
        <field name="condition_python">result=contract.HRA > 0</field>
        <field name="amount_select">code</field>
        <field name="amount_python_compute">result = (contract.HRA * payslip.payment_days) / 30</field>
        <field name="code">HRA</field>
        <field name="category_id" ref="HRA"/>
        <field name="name">House Rent Allowance</field>
        <field name="struct_id" ref="hr_payroll_base.payroll_base_structure_002"/>
        <field name="sequence" eval="5"/>
    </record>



    <!-- Payroll Rules -->
    <!--&lt;!&ndash; Basic &ndash;&gt;-->
    <!--<record id="hr_payroll.hr_salary_rule_worker_basic" model="hr.salary.rule">-->
        <!--<field name="name">Basic</field>-->
        <!--<field name="sequence" eval="1"/>-->
        <!--<field name="code">BASIC</field>-->
        <!--<field name="category_id" ref="hr_payroll.BASIC"/>-->
        <!--<field name="condition_select">none</field>-->
        <!--<field name="amount_select">code</field>-->
        <!--<field name="struct_id" ref="hr_payroll.structure_002"/>-->
        <!--<field name="amount_python_compute">result = (contract.wage * payslip.payment_days) / 30</field>-->
        <!--&lt;!&ndash; <field name="amount_python_compute">result = ((contract.wage/1.35)*payslip.payment_days)/30</field> &ndash;&gt;-->
    <!--</record>-->

    <!--Transport Allowance-->
    <!--<record id="hr_salary_rule_transportationallowance" model="hr.salary.rule">
       <field name="amount_select">percentage</field>
       <field eval="10.0" name="amount_percentage"/>
       <field name="amount_percentage_base">contract.wage</field>
       <field name="code">TA</field>
       <field name="category_id" ref="TA"/>
       <field name="name">Transportation Allowance</field>
       <field name="struct_id" ref="hr_payroll_base.payroll_base_structure_002"/>
       <field name="sequence" eval="10"/>
    </record>-->

    <record id="hr_salary_rule_transportationallowance1" model="hr.salary.rule">
        <field name="condition_select">python</field>
        <field name="condition_python">result=contract.TA > 0</field>
        <field name="amount_select">code</field>
        <field name="amount_python_compute">result = (contract.TA * payslip.payment_days) / 30</field>
        <field name="code">TA</field>
        <field name="category_id" ref="TA"/>
        <field name="name">Transportation Allowance</field>
        <field name="struct_id" ref="hr_payroll_base.payroll_base_structure_002"/>
        <field name="sequence" eval="10"/>
   </record>


    <!-- Other Allowance -->
    <record id="hr_salary_rule_other_allowance" model="hr.salary.rule">
        <field name="name">Other Allowance</field>
        <field name="category_id" ref="other"/>
        <field name="code">OTHER_ALLOWANCE</field>
        <field name="sequence" eval="115"/>
        <field name="condition_select">python</field>
        <field name="condition_python">result = (inputs.OTHER_ALLOWANCE_DAYS and inputs.OTHER_ALLOWANCE_DAYS.amount > 0) or (inputs.OTHER_ALLOWANCE_HOURS and inputs.OTHER_ALLOWANCE_HOURS.amount > 0) or (inputs.OTHER_ALLOWANCE_PERCENTAGE and inputs.OTHER_ALLOWANCE_PERCENTAGE.amount > 0) or (inputs.OTHER_ALLOWANCE_AMOUNT and inputs.OTHER_ALLOWANCE_AMOUNT.amount > 0) </field>
        <field name="struct_id" ref="hr_payroll_base.payroll_base_structure_002"/>
        <field name="amount_select">code</field>
        <field name="amount_python_compute">result = (((contract.wage/30) * (inputs.OTHER_ALLOWANCE_DAYS and inputs.OTHER_ALLOWANCE_DAYS.amount)) + (((inputs.OTHER_ALLOWANCE_HOURS and inputs.OTHER_ALLOWANCE_HOURS.amount) * (contract.wage/30) * 1)/ 8) + ((contract.wage/100) * (inputs.OTHER_ALLOWANCE_PERCENTAGE and inputs.OTHER_ALLOWANCE_PERCENTAGE.amount)) + (inputs.OTHER_ALLOWANCE_AMOUNT and inputs.OTHER_ALLOWANCE_AMOUNT.amount)) </field>
    </record>

    <!--<record id="hr_payroll.hr_rule_taxable" model="hr.salary.rule">-->
        <!--<field name="name">Gross</field>-->
        <!--<field name="sequence" eval="21"/>-->
        <!--<field name="code">GROSS</field>-->
        <!--<field name="category_id" ref="hr_payroll.GROSS"/>-->
        <!--<field name="condition_select">none</field>-->
        <!--<field name="amount_select">code</field>-->
        <!--<field name="amount_python_compute">result = categories.BASIC + categories.ALW</field>-->
        <!--<field name="struct_id" ref="hr_payroll.structure_002"/>-->
        <!-- <field name="amount_python_compute">result = categories.BASIC + categories.HRA + categories.TA + categories.OTHER</field> -->
    <!--</record>-->

    <!-- Reimbursement Allowance -->
    <!--<record id="hr_salary_rule_employee_reimbursement_allowance" model="hr.salary.rule">
        <field name="name">Employee Reimbursement</field>
        <field name="category_id" ref="hr_payroll.ALW"/>
        <field name="code">REIMBURSEMENT</field>
        <field name="sequence" eval="35"/>
        <field name="condition_select">python</field>
        <field name="condition_python">result = (inputs.REIMBURSEMENT and inputs.REIMBURSEMENT.amount > 0)</field>
        <field name="amount_select">code</field>
        <field name="struct_id" ref="hr_payroll_base.payroll_base_structure_002"/>
        <field name="amount_python_compute">result = inputs.REIMBURSEMENT and inputs.REIMBURSEMENT.amount</field>
    </record>
-->
    <!-- Deduction -->
    <!-- Expense Deduction -->
    <!--<record id="hr_salary_rule_employee_eos_resignation" model="hr.salary.rule">
        <field name="name">Employee Expense Deduction</field>
        <field name="category_id" ref="hr_payroll.DED"/>
        <field name="code">EXPENSE</field>
        <field name="sequence" eval="116"/>
        <field name="condition_select">python</field>
        <field name="condition_python">result = (inputs.EXPENSE and inputs.EXPENSE.amount > 0)</field>
        <field name="amount_select">code</field>
        <field name="struct_id" ref="hr_payroll_base.payroll_base_structure_002"/>
        <field name="amount_python_compute">result = -(inputs.EXPENSE and inputs.EXPENSE.amount)</field>
    </record>-->

    <record id="hr_salary_rule_other_deduction" model="hr.salary.rule">
        <field name="name">Other Deduction</field>
        <field name="category_id" ref="hr_payroll.DED"/>
        <field name="code">OTHER_DEDUCTION</field>
        <field name="sequence" eval="116"/>
        <field name="condition_select">python</field>
        <field name="condition_python">result = (inputs.OTHER_DEDUCTION_DAYS and inputs.OTHER_DEDUCTION_DAYS.amount > 0) or (inputs.OTHER_DEDUCTION_HOURS and inputs.OTHER_DEDUCTION_HOURS.amount > 0) or (inputs.OTHER_DEDUCTION_PERCENTAGE and inputs.OTHER_DEDUCTION_PERCENTAGE.amount > 0) or (inputs.OTHER_DEDUCTION_AMOUNT and inputs.OTHER_DEDUCTION_AMOUNT.amount > 0) </field>
        <field name="amount_select">code</field>
        <field name="struct_id" ref="hr_payroll_base.payroll_base_structure_002"/>
        <field name="amount_python_compute">result = -(((contract.wage/30) * (inputs.OTHER_DEDUCTION_DAYS and inputs.OTHER_DEDUCTION_DAYS.amount)) + (((inputs.OTHER_DEDUCTION_HOURS and inputs.OTHER_DEDUCTION_HOURS.amount) * (contract.wage/30) * 1)/ 8) + ((contract.wage/100) * (inputs.OTHER_DEDUCTION_PERCENTAGE and inputs.OTHER_DEDUCTION_PERCENTAGE.amount)) + (inputs.OTHER_DEDUCTION_AMOUNT and inputs.OTHER_DEDUCTION_AMOUNT.amount)) </field>
    </record>
</odoo>
