<?xml version="1.0" encoding="utf-8"?>
<odoo>
    <data noupdate="0">

        <record forcecreate="True" id="ir_cron_appraisal_create_action" model="ir.cron">
            <field name="name">Scheduled Appraisal Creation</field>
            <field name="model_id" ref="model_hr_employee"/>
            <field name="state">code</field>
            <field name="code">model.run_create_appraisal()</field>
            <field name="user_id" ref="base.user_root"/>
            <field name="interval_number">1</field>
            <field name="interval_type">days</field>
            <field name="numbercall">-1</field>
        </record>

    </data>
</odoo>