<?xml version="1.0" encoding="utf-8"?>
<odoo>
    <data noupdate="1">

        <!-- Admission-->
        <record id="admission_entry_form1" model="admission.admission">
          <field name="middle_name" ref="base.res_partner_1"/>
          <field name="name">Devasheesh</field>
          <field name="last_name">Verma</field>
          <field name="title" ref="base.res_partner_title_mister"/>
          <field name="application_number">AD001</field>
          <field name="photo" type="base64" file="sync_ems_admission/static/img/student1.jpg"/>
          <field name="birth_date" eval="(DateTime.now() - relativedelta(years=10)).strftime('%Y-%m-%d')"/>
          <field name="gender">m</field>
          <field name="mobile">+913281813700</field>
          <field name="enrollment_no">Enroll-001</field>
          <field name="pricelist_id" ref="product.ver0"/>
          <field name="stage_id" ref="sync_ems.ems_stage_master"/>
          <field name="course_id" ref="sync_ems.ems_mca"/>
          <field name="batch_id" ref="sync_ems.ems_mca_batch"/>
          <field name="semester_id" ref="sync_ems.ems_mca_semester"/>
          <field name="division_id" ref="sync_ems.ems_mca_divison"/>
        </record>

        <record id="admission_entry_form2" model="admission.admission">
          <field name="middle_name" ref="base.res_partner_15"/>
          <field name="name">Sumitra</field>
          <field name="last_name">Desai</field>
          <field name="title" ref="base.res_partner_title_miss"/>
          <field name="application_number">AD002</field>
          <field name="photo" type="base64" file="sync_ems_admission/static/img/student3.jpg"/>
          <field name="birth_date" eval="(DateTime.now() - relativedelta(years=10)).strftime('%Y-%m-%d')"/>
          <field name="gender">f</field>
          <field name="mobile">+918469110231</field>
          <field name="enrollment_no">Enroll-002</field>
          <field name="pricelist_id" ref="product.list0"/>
          <field name="stage_id" ref="sync_ems.ems_stage_master"/>
          <field name="course_id" ref="sync_ems.ems_ma"/>
          <field name="batch_id" ref="sync_ems.ems_ma_batch"/>
          <field name="semester_id" ref="sync_ems.ems_ma_semester"/>
          <field name="division_id" ref="sync_ems.ems_ma_divison"/>
        </record>

        <record id="admission_entry_form3" model="admission.admission">
          <field name="middle_name" ref="base.res_partner_16"/>
          <field name="name">Nafisa</field>
          <field name="last_name">Hakim</field>
          <field name="title" ref="base.res_partner_title_miss"/>
          <field name="application_number">AD003</field>
          <field name="photo" type="base64" file="sync_ems_admission/static/img/student6.jpg"/>
          <field name="birth_date" eval="(DateTime.now() - relativedelta(years=10)).strftime('%Y-%m-%d')"/>
          <field name="gender">f</field>
          <field name="mobile">+918469012231</field>
          <field name="enrollment_no">Enroll-003</field>
          <field name="pricelist_id" ref="product.list0"/>
          <field name="stage_id" ref="sync_ems.ems_stage_bachelor"/>
          <field name="course_id" ref="sync_ems.ems_bca"/>
          <field name="batch_id" ref="sync_ems.ems_bca_batch"/>
          <field name="semester_id" ref="sync_ems.ems_bca_semester"/>
          <field name="division_id" ref="sync_ems.ems_bca_divison"/>
        </record>

        <record id="admission_entry_form4" model="admission.admission">
          <field name="middle_name" ref="base.res_partner_18"/>
          <field name="name">Nuno</field>
          <field name="last_name">Fonseca</field>
          <field name="title" ref="base.res_partner_title_mister"/>
          <field name="application_number">AD004</field>
          <field name="photo" type="base64" file="sync_ems_admission/static/img/student2.jpg"/>
          <field name="street"> 93-Shah soc</field>
          <field name="street2">Memnagar</field>
          <field name="city">Ahmedabad</field>
          <field name="zip">380052</field>
          <field name="birth_date" eval="(DateTime.now() - relativedelta(years=10)).strftime('%Y-%m-%d')"/>
          <field name="gender">m</field>
          <field name="mobile">+918469110221</field>
          <field name="enrollment_no">Enroll-004</field>
          <field name="pricelist_id" ref="product.list0"/>
          <field name="stage_id" ref="sync_ems.ems_stage_bachelor"/>
          <field name="course_id" ref="sync_ems.ems_bcom"/>
          <field name="batch_id" ref="sync_ems.ems_bcom_batch"/>
          <field name="semester_id" ref="sync_ems.ems_bcom_semester"/>
          <field name="division_id" ref="sync_ems.ems_bcom_divison"/>
        </record>

        <record id="admission_entry_form5" model="admission.admission">
          <field name="middle_name" ref="base.res_partner_19"/>
          <field name="name">Yanir</field>
          <field name="last_name">Mor</field>
          <field name="title" ref="base.res_partner_title_mister"/>
          <field name="application_number">AD005</field>
          <field name="photo" type="base64" file="sync_ems_admission/static/img/student5.jpg"/>
          <field name="birth_date" eval="(DateTime.now() - relativedelta(years=12)).strftime('%Y-%m-%d')"/>
          <field name="gender">m</field>
          <field name="mobile">+919924527519</field>
          <field name="enrollment_no">Enroll-005</field>
          <field name="street"> A-101,Panasiya soc</field>
          <field name="street2">Naroda</field>
          <field name="city">Ahmedabad</field>
          <field name="zip">382330</field>
          <field name="pricelist_id" ref="product.ver0"/>
          <field name="stage_id" ref="sync_ems.ems_stage_bachelor"/>
          <field name="course_id" ref="sync_ems.ems_ba"/>
          <field name="batch_id" ref="sync_ems.ems_ba_batch"/>
          <field name="semester_id" ref="sync_ems.ems_ba_semester"/>
          <field name="division_id" ref="sync_ems.ems_ba_divison"/>
        </record>
    </data>
</odoo>
