<?xml version="1.0" encoding="utf-8"?>
<odoo>
    <data noupdate="1">

    	<!--Course-->
    	<record id="sync_ems.ems_mib" model="course.course">
	        <field name="analytic_account_id" ref="account.analytic_consultancy"/>
	        <field name="payment_term_id" ref="account.account_payment_term_immediate"></field>
	    </record>

	    <record id="sync_ems.ems_mpa" model="course.course">
	        <field name="analytic_account_id" ref="account.analytic_consultancy"/>
	        <field name="payment_term_id" ref="account.account_payment_term_advance"></field>
	    </record>

      	<record id="sync_ems.ems_bfa" model="course.course">
	        <field name="analytic_account_id" ref="account.analytic_consultancy"/>
	        <field name="payment_term_id" ref="account.account_payment_term_immediate"></field>
	    </record>

      	<record id="sync_ems.ems_bsw" model="course.course">
	        <field name="analytic_account_id" ref="account.analytic_consultancy"/>
	        <field name="payment_term_id" ref="account.account_payment_term_advance"></field>
	    </record>

      	<record id="sync_ems.ems_bdes" model="course.course">
	        <field name="analytic_account_id" ref="account.analytic_consultancy"/>
	        <field name="payment_term_id" ref="account.account_payment_term_immediate"></field>
	    </record>


	    <!-- Semester History-->
      	<record id="sync_ems.ems_semester_mib_history" model="semester.history">
	        <field name="payment_term_id" ref="account.account_payment_term_advance"></field>
      	</record>

      	<record id="sync_ems.ems_semester_mpa_history" model="semester.history">
	        <field name="payment_term_id" ref="account.account_payment_term_immediate"></field>
      	</record>
              
      	<record id="sync_ems.ems_semester_bfa_history" model="semester.history">
	        <field name="payment_term_id" ref="account.account_payment_term_advance"></field>
      	</record>

      	<record id="sync_ems.ems_semester_bsw_history" model="semester.history">
	        <field name="payment_term_id" ref="account.account_payment_term_immediate"></field>
      	</record>

      	<record id="sync_ems.ems_semester_bdes_history" model="semester.history">
	        <field name="payment_term_id" ref="account.account_payment_term_advance"></field>
	    </record>
    </data>
</odoo>