<?xml version="1.0" encoding="utf-8"?>
<odoo>
    <data noupdate="1">

    <!-- Parent-->
    <record id="parent1" model="res.partner">
        <field name="name">Christopher</field>
        <field name="is_parent" eval="1"/>
        <field name="street">3 Edgar Buildings</field>
        <field name="street2">Dublin Street</field>
        <field name="city">Los Angeles</field>
        <field name="mobile" >1128748157</field>
        <field name="phone">(+353)23 74725858</field>
        <field name="email">christopher17@gmail.com</field>
    </record>

    <record id="parent2" model="res.partner">
        <field name="name">Daniel</field>
        <field name="is_parent" eval="1"/>
        <field name="street">16 Starck Buildings</field>
        <field name="street2">Lake Street</field>
        <field name="city">Chicago</field>
        <field name="mobile">1115788165</field>
        <field name="phone">(+353)23 74725858</field>
        <field name="email">daniel52@gmail.com</field>
    </record>

    <record id="parent3" model="res.partner">
        <field name="name">Donald</field>
        <field name="is_parent" eval="1"/>
        <field name="street">91 Western Road</field>
        <field name="street2">Maple Street</field>
        <field name="city">San Diego</field>
        <field name="mobile" >1687643337</field>
        <field name="phone">(+353)23 74725858</field>
        <field name="email">Donald_15@gmail.com</field>
    </record>

    <record id="parent4" model="res.partner">
        <field name="name">Michael</field>
        <field name="is_parent" eval="1"/>
        <field name="street">16 Southern Road</field>
        <field name="street2">Brighton</field>
        <field name="city">Austin</field>
        <field name="mobile" >1587643326</field>
        <field name="phone">(+353)23 74725858</field>
        <field name="email">michael46@gmail.com</field>
    </record>

    <record id="parent5" model="res.partner">
        <field name="name">Joseph</field>
        <field name="is_parent" eval="1"/>
        <field name="street">56 Hill street</field>
        <field name="street2">Birmingham</field>
        <field name="city">Las Vegas</field>
        <field name="mobile" >1924722812</field>
        <field name="phone">(+353)23 77406858</field>
        <field name="email">joseph56@gmail.com</field>
    </record>

    <!-- Admission-->
    <record id="admission_entry_form6" model="admission.admission">
      <field name="middle_name" ref="sync_ems_admission.parent1"/>
      <field name="name">Jessica</field>
      <field name="last_name">Lee</field>
      <field name="title" ref="base.res_partner_title_miss"/>
      <field name="application_number" >AD001</field>
      <field name="photo" type="base64" file="sync_ems_admission/static/img/student11.jpg"/>
      <field name="birth_date" eval="(DateTime.now() - relativedelta(years=10)).strftime('%Y-%m-%d')"/>
      <field name="gender">f</field>
      <field name="mobile">+12329131340</field>
      <field name="enrollment_no">Enroll-006</field>
      <field name="pricelist_id" ref="product.list0"/>
      <field name="stage_id" ref="sync_ems.ems_stage_master"/>
      <field name="course_id" ref="sync_ems.ems_mib"/>
      <field name="batch_id" ref="sync_ems.ems_mib_batch"/>
      <field name="semester_id" ref="sync_ems.ems_mib_semester"/>
      <field name="division_id" ref="sync_ems.ems_mib_divison"/>
      <field name="email">lee_jessica15@ymail.com</field>
      <field name="personal_email">lee_jessica15@ymail.com</field>
    </record>

    <record id="admission_entry_form7" model="admission.admission">
      <field name="middle_name" ref="sync_ems_admission.parent2"/>
      <field name="name">Scott</field>
      <field name="last_name">Macintyre</field>
      <field name="title" ref="base.res_partner_title_mister"/>
      <field name="application_number" >AD002</field>
      <field name="photo" type="base64" file="sync_ems_admission/static/img/student7.jpg"/>
      <field name="birth_date" eval="(DateTime.now() - relativedelta(years=10)).strftime('%Y-%m-%d')"/>
      <field name="gender">m</field>
      <field name="mobile">+17469210786</field>
      <field name="enrollment_no">Enroll-007</field>
      <field name="pricelist_id" ref="product.list0"/>
      <field name="stage_id" ref="sync_ems.ems_stage_master"/>
      <field name="course_id" ref="sync_ems.ems_mpa"/>
      <field name="batch_id" ref="sync_ems.ems_mpa_batch"/>
      <field name="semester_id" ref="sync_ems.ems_mpa_semester"/>
      <field name="division_id" ref="sync_ems.ems_mpa_divison"/>
      <field name="email">macintyre_scott78@ymail.com</field>
      <field name="personal_email">macintyre_scott78@ymail.com</field>
    </record>

    <record id="admission_entry_form8" model="admission.admission">
      <field name="middle_name" ref="sync_ems_admission.parent3"/>
      <field name="name">Gabriel</field>
      <field name="last_name">Mandujano</field>
      <field name="title" ref="base.res_partner_title_mister"/>
      <field name="application_number" >AD003</field>
      <field name="photo" type="base64" file="sync_ems_admission/static/img/student8.jpg"/>
      <field name="birth_date" eval="(DateTime.now() - relativedelta(years=10)).strftime('%Y-%m-%d')"/>
      <field name="gender">m</field>
      <field name="mobile">+17667011261</field>
      <field name="enrollment_no">Enroll-008</field>
      <field name="pricelist_id" ref="product.list0"/>
      <field name="stage_id" ref="sync_ems.ems_stage_bachelor"/>
      <field name="course_id" ref="sync_ems.ems_bfa"/>
      <field name="batch_id" ref="sync_ems.ems_bfa_batch"/>
      <field name="semester_id" ref="sync_ems.ems_bfa_semester"/>
      <field name="division_id" ref="sync_ems.ems_bfa_divison"/>
      <field name="email">gabriel_mandujano77@gmail.com</field>
      <field name="personal_email">gabriel_mandujano77@gmail.com</field>
    </record>

    <record id="admission_entry_form9" model="admission.admission">
      <field name="middle_name" ref="sync_ems_admission.parent4"/>
      <field name="name">Brian</field>
      <field name="last_name">Mazzeo</field>
      <field name="title" ref="base.res_partner_title_mister"/>
      <field name="application_number">AD004</field>
      <field name="photo" type="base64" file="sync_ems_admission/static/img/student9.jpg"/>
      <field name="street">152- Maclen Street</field>
      <field name="street2">Opp. Joseph Library</field>
      <field name="city">Houseton</field>
      <field name="zip">79039</field>
      <field name="birth_date" eval="(DateTime.now() - relativedelta(years=10)).strftime('%Y-%m-%d')"/>
      <field name="gender">m</field>
      <field name="mobile">+18479519261</field>
      <field name="enrollment_no">Enroll-009</field>
      <field name="pricelist_id" ref="product.list0"/>
      <field name="stage_id" ref="sync_ems.ems_stage_bachelor"/>
      <field name="course_id" ref="sync_ems.ems_bsw"/>
      <field name="batch_id" ref="sync_ems.ems_bsw_batch"/>
      <field name="semester_id" ref="sync_ems.ems_bsw_semester"/>
      <field name="division_id" ref="sync_ems.ems_bsw_divison"/>
      <field name="email">brian_mazzeo78@ymail.com</field>
      <field name="personal_email">brian_mazzeo78@ymail.com</field>
    </record>

    <record id="admission_entry_form10" model="admission.admission">
      <field name="middle_name" ref="sync_ems_admission.parent5"/>
      <field name="name">Alyssa</field>
      <field name="last_name">Bilinski</field>
      <field name="title" ref="base.res_partner_title_miss"/>
      <field name="application_number" >AD005</field>
      <field name="photo" type="base64" file="sync_ems_admission/static/img/student10.jpg"/>
      <field name="birth_date" eval="(DateTime.now() - relativedelta(years=10)).strftime('%Y-%m-%d')"/>
      <field name="gender">f</field>
      <field name="mobile">+19834547599</field>
      <field name="enrollment_no">Enroll-010</field>
      <field name="street">D-452, William Street</field>
      <field name="street2">Behind National College</field>
      <field name="city">Miami</field>
      <field name="zip">33124</field>
      <field name="pricelist_id" ref="product.list0"/>
      <field name="stage_id" ref="sync_ems.ems_stage_bachelor"/>
      <field name="course_id" ref="sync_ems.ems_bdes"/>
      <field name="batch_id" ref="sync_ems.ems_bdes_batch"/>
      <field name="semester_id" ref="sync_ems.ems_bdes_semester"/>
      <field name="division_id" ref="sync_ems.ems_bdes_divison"/>
      <field name="email">bilinski_alyssa56@gmail.com</field>
      <field name="personal_email">bilinski_alyssa56@gmail.com</field>
    </record>
    </data>
</odoo>
