<?xml version="1.0"?>
<odoo>
    <record id="eos_rule_employee" model="ir.rule">
        <field name="name">EOS Rule Employee</field>
        <field name="model_id" ref="model_hr_employee_eos"/>
        <field name="domain_force">[('employee_id.user_id', '=', user.id)]</field>
        <field name="groups" eval="[(4,ref('base.group_user'))]"/>
    </record>

    <record id="eos_hr_officer" model="ir.rule">
        <field name="name">EOS Rule Officer</field>
        <field name="model_id" ref="model_hr_employee_eos"/>
        <field name="global" eval="True"/>
        <field name="domain_force">['|',('company_id','=',False),('company_id', 'in', company_ids)]</field>
    </record>
</odoo>